Residue,Average Propensity,Standard Deviation
2,0.3140250000000001,0.009848635692317998
3,0.5619171874999999,0.012244801890591931
4,0.5994171875,0.013023950949686645
5,0.6839890625,0.010961568050287954
6,0.6542984375000002,0.011777991819855952
7,0.70626875,0.01247767850753897
8,0.7169234374999999,0.012496983913472636
9,0.8702484374999997,0.009434709723070114
10,0.8775343750000002,0.009106011385857963
11,0.8906281249999999,0.008310807510968774
12,0.9430593750000001,0.005770309749863951
13,0.9466843750000002,0.0057325882775038925
14,0.9496625,0.005667464710962037
15,0.9626703124999999,0.004834791867530986
16,0.9643859375,0.004691443913774697
17,0.8809609375,0.00882171711579405
18,0.7874765625000002,0.010673386034131522
19,0.7232578125,0.01140025773677261
20,0.14475781250000003,0.006032251981212633
21,0.05295625,0.0037574457331410655
22,0.019176562499999997,0.0019855526771137924
23,0.041157812499999995,0.0034528432435955952
24,0.05099843749999998,0.003702849079910461
25,0.149690625,0.0071941538494374015
26,0.3309156250000001,0.009079978296195147
27,0.5081843749999998,0.01167345036222688
28,0.6358874999999999,0.01150712415201991
29,0.6804015625000002,0.011580877182173804
30,0.6835124999999999,0.01180376661282321
31,0.6673421875,0.012212043296059995
32,0.6773703125000001,0.01233465240298014
33,0.6918890624999999,0.012104029767853923
34,0.6387953124999998,0.013126338380422164
35,0.652878125,0.013248307306383515
36,0.6726203125000002,0.0118744234029423
37,0.6802828124999998,0.01216925627718654
38,0.706575,0.01257476391428484
39,0.6929343749999997,0.012222676399192398
40,0.7393171875,0.011917510156901217
41,0.7823031250000001,0.010587152720839299
42,0.8267359374999999,0.010787599466336048
43,0.9220343749999997,0.0065039223441993085
44,0.9398500000000002,0.0055864792132433476
45,0.9732671874999999,0.0035057120660207876
46,0.9717312499999997,0.003607625387633805
47,0.9723593749999998,0.0033987920073718786
48,0.9697109375,0.0036162444775061572
49,0.9431406250000001,0.00471956429232349
50,0.7670984375,0.010757722403399053
51,0.5177015625000001,0.009630298739322354
52,0.18367812500000003,0.006926567258344857
53,0.118959375,0.006920885933850882
54,0.13286718749999998,0.00794195848577942
55,0.17368906250000002,0.010191665056363155
56,0.1709640625,0.010268068939488758
57,0.18166093749999998,0.00993399493512523
58,0.19140000000000007,0.010150923603298372
59,0.19839687500000008,0.010315476369725974
60,0.2141984375,0.01058832629874022
61,0.20259687499999998,0.010542977057471719
62,0.1916890625,0.010364182872812199
63,0.17473124999999998,0.009629120465416353
64,0.16462187499999997,0.009250379531909759
65,0.16332656249999997,0.008556106046771145
66,0.1034140625,0.005750838721099189
67,0.09306249999999999,0.004946795048311583
68,0.1124578125,0.005058217469113377
69,0.10113593749999997,0.004693225409682956
70,0.0834921875,0.004776940204235735
71,0.08371562499999999,0.004795968969809438
72,0.07130625,0.004473808325967933
73,0.03426406249999999,0.0035451272538646263
74,0.007715624999999998,0.0015615715991830154
75,0.007415624999999998,0.001512057657424147
76,0.0047828125,0.0014086290639638774
77,0.00448125,0.0013712306288513252
78,0.02276875,0.0029729444053833228
79,0.0116046875,0.0021934867853132256
80,0.008987499999999999,0.0018882448861310339
81,0.026240624999999993,0.0020937196826163237
82,0.010215624999999999,0.0018970551808988056
83,0.01852656250000001,0.0029239978084112423
84,0.031009375000000006,0.004157399981884712
85,0.0515171875,0.005092259895158903
86,0.07747499999999997,0.006982701840978175
87,0.05881718749999999,0.005947440486448245
88,0.36320156249999996,0.011863132124721266
89,0.4336625,0.011925491342078948
90,0.39329687500000005,0.011867826369406278
91,0.058718749999999986,0.004921187451977418
92,0.016237500000000005,0.002247463848430048
93,0.03722656250000001,0.0037280290615275186
94,0.5834546875,0.01182839446109841
95,0.7380999999999998,0.010566530296175752
96,0.8066703125,0.010321937797833495
97,0.8805156249999997,0.00801304051901492
98,0.9035750000000002,0.007012689391381884
99,0.9201624999999997,0.006044147479173558
100,0.9331124999999999,0.005758322780984055
101,0.9482421874999997,0.004600774550534264
102,0.9558749999999997,0.004400248572524057
103,0.9606546875,0.004662078723846664
104,0.9631750000000003,0.0043123369534395165
105,0.9595203125000002,0.0045419289572101096
106,0.9199968750000002,0.00669311607058887
107,0.8748609375000003,0.00871825701451234
108,0.7408171875,0.011329904493853592
109,0.4964125,0.012442385974964769
110,0.46162968750000016,0.01330515266362411
111,0.5754937499999999,0.012287797236994916
112,0.805690625,0.008649633640182394
113,0.847671875,0.008068466179167825
114,0.9330953124999999,0.006138363729638683
115,0.9415453125000001,0.006007493489579802
116,0.9664625,0.00440498652097824
117,0.967490625,0.004348157610916946
118,0.9680437500000001,0.004311861365756102
119,0.9652765625,0.004602538096919326
120,0.9463359375000004,0.005528968235221987
121,0.9224656250000001,0.0070622282857023995
122,0.8741796875000002,0.00846127538568174
123,0.618509375,0.013714974921937514
124,0.6009375000000001,0.014331461239175856
125,0.5779359375000002,0.01389709240258889
126,0.5733,0.013516355832841932
127,0.5399890625,0.013280461649396594
128,0.5008484375,0.01378991923684086
129,0.45691249999999994,0.013116360251609442
130,0.08862187499999999,0.003756555468028523
131,0.020800000000000006,0.0023823570261402886
132,0.015546875000000003,0.0021918149407226424
133,0.013767187500000002,0.0020490130770309273
134,0.022000000000000002,0.0025185561339783557
135,0.020795312500000003,0.002470224539863482
136,0.013129687500000002,0.0021857978868925067
137,0.0213296875,0.003047267202321409
138,0.07800156249999998,0.005558116030508337
139,0.0670875,0.00599026554085877
140,0.08137812500000002,0.00619325411107723
141,0.0878140625,0.006189352429462532
142,0.0986,0.006411391229678625
143,0.1266109375,0.00598555858889492
144,0.12469687499999996,0.005798382553296652
145,0.185628125,0.007715274394626223
146,0.27230625,0.010951853082355517
147,0.288684375,0.012191431657495153
148,0.3068359375,0.012738001304996551
149,0.3177203125,0.013078156641986813
150,0.33082031250000016,0.013574184824597888
151,0.37918124999999986,0.013328386940567866
152,0.42721718750000004,0.013355295703946194
153,0.4186703125,0.013143352403490662
154,0.3570640625,0.012881447016779355
155,0.19556562500000002,0.01088146673750258
156,0.193696875,0.011456670665353656
157,0.2098453125,0.009813000459968592
158,0.2197640625,0.01012375559000185
159,0.23538437500000003,0.010429273985248209
160,0.23755625,0.010247025101828336
161,0.43212812500000014,0.01052162161857073
162,0.7643937500000001,0.010018449777161138
163,0.7833375,0.010239789121363778
164,0.8251968749999999,0.009384877608918247
165,0.8522765625000001,0.008724279020847145
166,0.8625968749999998,0.008331884704817688
167,0.8688906249999999,0.00765281236601127
168,0.8589390625,0.007431701882549772
169,0.6455906249999996,0.0107466378281477
170,0.6131984374999999,0.011051562279089495
171,0.569065625,0.011515142459360856
172,0.5245124999999999,0.012322597382451483
173,0.4394218749999999,0.011598820909229307
174,0.39344218749999993,0.010945872576676731
175,0.2599328125,0.009716996299775137
176,0.09787968750000002,0.007482587697604603
177,0.09678593750000002,0.007194482851191861
178,0.09988124999999999,0.0073132131062550055
179,0.115134375,0.007975650811023197
180,0.12107187499999997,0.008524861962775408
181,0.12655468749999998,0.008749391580409677
182,0.12700781249999998,0.008001685460879083
183,0.10805937499999997,0.007883204431535121
184,0.07858906250000001,0.0066981834568107905
185,0.06092500000000001,0.00638792806784798
186,0.05248124999999999,0.005907592440030033
187,0.0469078125,0.005059622783848985
188,0.05540468749999999,0.005706860719988156
189,0.06911562500000001,0.005901726938733695
190,0.04896406250000002,0.00521887701005626
191,0.05396249999999999,0.00560283131550469
192,0.08641250000000002,0.0073890438319176325
193,0.17922031249999998,0.011813196800711637
194,0.21506562499999993,0.012361131354345158
195,0.23223281250000002,0.012301626603414844
196,0.24193281249999993,0.012390723025305816
197,0.2743484375,0.011988079915424058
198,0.14125781249999997,0.00783285956498926
199,0.11932812499999995,0.007268370449032918
200,0.08154687500000002,0.005887167420277343
201,0.061729687499999984,0.005521313240737545
202,0.0887703125,0.0059105223882787005
203,0.3179078125,0.0122057658594143
204,0.31728593750000006,0.013359077756196115
205,0.3201843750000001,0.013572101655947575
206,0.44216875,0.014394463725248677
207,0.43267656250000003,0.014965614151567379
208,0.4209187499999999,0.014714691584858306
209,0.41311093749999994,0.014599615975123928
210,0.4031859375000001,0.014380367119656358
211,0.20844843749999997,0.010625426347144558
212,0.19913125,0.010692299726321743
213,0.19152968750000002,0.010600363786320907
214,0.18850312500000005,0.010502990180628323
215,0.183246875,0.010304291714347718
216,0.17315781250000004,0.009317285761682089
217,0.12891250000000004,0.006214863735432982
218,0.09597812499999997,0.00502886880763209
219,0.05930468750000001,0.00444966395105785
220,0.0530453125,0.0037145797914897123
221,0.08801874999999999,0.004629216827661023
222,0.0939265625,0.004090929073400534
223,0.021871875000000002,0.0017592140246072965
224,0.008464062500000001,0.0010355202779732274
225,0.04083749999999999,0.003668041882258162
226,0.038084375000000004,0.002811095135240891
227,0.03507343749999999,0.0027417627876229105
228,0.07122499999999998,0.0038926212248303845
229,0.10189687499999998,0.005325937967567309
230,0.06712499999999999,0.004419028456572779
231,0.06102343749999998,0.003971253823868949
232,0.0469390625,0.0035234756095500015
233,0.03726562500000001,0.0024119635899770534
234,0.10207500000000003,0.004339426805466363
235,0.12018750000000002,0.0055763871592636035
236,0.12959843750000002,0.006422993173637487
237,0.13561093750000003,0.0063212715588790965
238,0.14129843749999998,0.006792447372530297
239,0.09355000000000002,0.00533496719764986
240,0.11835000000000001,0.0058385839464719525
241,0.09018125,0.0053949303459358946
242,0.08739062499999997,0.006447109787290349
243,0.13319374999999997,0.007678945952245008
244,0.16426718750000002,0.007975412502801578
245,0.22035468750000003,0.009923849582059562
246,0.3187921875,0.012194687684186247
247,0.3780828125,0.012400889014092645
248,0.40582968750000004,0.012189912321355875
249,0.443496875,0.01258510986183176
250,0.47273281250000004,0.013204320489515685
251,0.5095875,0.013050484904784186
252,0.7996109375000002,0.01002302220495863
253,0.8347953125,0.008984629751823042
254,0.8658312499999998,0.008527819823231489
255,0.8794593749999998,0.00811550827794384
256,0.8896968750000003,0.007525559961516157
257,0.9151187499999998,0.006392864063743258
258,0.9573171875000002,0.00426429781322128
259,0.9577828125000002,0.0041968572575015965
260,0.9598109374999998,0.004166612727515448
261,0.9587796875000001,0.004198369463535073
262,0.9438968749999996,0.004785262817690906
263,0.9221640624999999,0.0063154910534410314
264,0.8926828124999999,0.006403235380637178
